source_region,destination_region,latency_ms,packet_loss_pct,reliability
AWS_HYD,AWS_MUM,30,0.0106,0.999894
AWS_HYD,AWS_SIN,64,0.0239,0.999761
AWS_MUM,AWS_HYD,43,0.0188,0.999812
AWS_MUM,AWS_SIN,118,0.0158,0.999842
AWS_SIN,AWS_HYD,100,0.0056,0.999944
AWS_SIN,AWS_MUM,102,0.0056,0.999944
AZURE_CIN,AZURE_SEA,20,0.0033,0.999967
AZURE_CIN,AZURE_SIN,29,0.0219,0.999781
AZURE_SEA,AZURE_CIN,53,0.0158,0.999842
AZURE_SEA,AZURE_SIN,37,0.0183,0.999817
AZURE_SIN,AZURE_CIN,19,0.0025,0.999975
AZURE_SIN,AZURE_SEA,41,0.0243,0.999757
GCP_DEL,GCP_MUM,22,0.0,1.0
GCP_DEL,GCP_SIN,68,0.01,0.9999
GCP_MUM,GCP_DEL,22,0.01,0.9999
GCP_MUM,GCP_SIN,60,0.01,0.9999
GCP_SIN,GCP_DEL,68,0.01,0.9999
GCP_SIN,GCP_MUM,60,0.0,1.0
AWS_HYD,AZURE_CIN,21,0.0188,0.999812
AWS_HYD,AZURE_SEA,20,0.0158,0.999842
AWS_HYD,AZURE_SIN,59,0.0033,0.999967
AWS_HYD,GCP_DEL,30,0.0219,0.999781
AWS_HYD,GCP_MUM,25,0.0025,0.999975
AWS_HYD,GCP_SIN,61,0.0243,0.999757
AWS_MUM,AZURE_CIN,14,0.0062,0.999938
AWS_MUM,AZURE_SEA,29,0.0062,0.999938
AWS_MUM,AZURE_SIN,68,0.0119,0.999881
AWS_MUM,GCP_DEL,25,0.0087,0.999913
AWS_MUM,GCP_MUM,11,0.0087,0.999913
AWS_MUM,GCP_SIN,68,0.0104,0.999896
AWS_SIN,AZURE_CIN,69,0.0066,0.999934
AWS_SIN,AZURE_SEA,53,0.0138,0.999862
AWS_SIN,AZURE_SIN,12,0.016,0.99984
AWS_SIN,GCP_DEL,71,0.0059,0.999941
AWS_SIN,GCP_MUM,66,0.0177,0.999823
AWS_SIN,GCP_SIN,12,0.0121,0.999879
AZURE_CIN,AWS_HYD,20,0.0028,0.999972
AZURE_CIN,AWS_MUM,13,0.0229,0.999771
AZURE_CIN,AWS_SIN,68,0.0092,0.999908
AZURE_CIN,GCP_DEL,27,0.014,0.99986
AZURE_CIN,GCP_MUM,12,0.0243,0.999757
AZURE_CIN,GCP_SIN,66,0.0198,0.999802
AZURE_SEA,AWS_HYD,22,0.004,0.99996
AZURE_SEA,AWS_MUM,28,0.0065,0.999935
AZURE_SEA,AWS_SIN,53,0.0109,0.999891
AZURE_SEA,GCP_DEL,37,0.0082,0.999918
AZURE_SEA,GCP_MUM,27,0.0085,0.999915
AZURE_SEA,GCP_SIN,56,0.0145,0.999855
AZURE_SIN,AWS_HYD,60,0.0037,0.999963
AZURE_SIN,AWS_MUM,67,0.0247,0.999753
AZURE_SIN,AWS_SIN,12,0.0021,0.999979
AZURE_SIN,GCP_DEL,72,0.0208,0.999792
AZURE_SIN,GCP_MUM,70,0.0197,0.999803
AZURE_SIN,GCP_SIN,15,0.0037,0.999963
GCP_DEL,AWS_HYD,29,0.0219,0.999781
GCP_DEL,AWS_MUM,28,0.0163,0.999837
GCP_DEL,AWS_SIN,70,0.0092,0.999908
GCP_DEL,AZURE_CIN,29,0.0095,0.999905
GCP_DEL,AZURE_SEA,39,0.0224,0.999776
GCP_DEL,AZURE_SIN,74,0.0129,0.999871
GCP_MUM,AWS_HYD,22,0.0195,0.999805
GCP_MUM,AWS_MUM,12,0.0149,0.999851
GCP_MUM,AWS_SIN,68,0.014,0.99986
GCP_MUM,AZURE_CIN,18,0.0118,0.999882
GCP_MUM,AZURE_SEA,28,0.0092,0.999908
GCP_MUM,AZURE_SIN,67,0.0137,0.999863
GCP_SIN,AWS_HYD,59,0.0114,0.999886
GCP_SIN,AWS_MUM,68,0.0194,0.999806
GCP_SIN,AWS_SIN,11,0.0234,0.999766
GCP_SIN,AZURE_CIN,65,0.0206,0.999794
GCP_SIN,AZURE_SEA,55,0.0205,0.999795
GCP_SIN,AZURE_SIN,14,0.0063,0.999937