rule_id,provider_id,service,source_region,destination_region,source_scope,destination_scope,transfer_type,min_volume_gb,max_volume_gb,price_per_unit,currency,billing_unit,pricing_scope,source_url,effective_date,data_type
AWS_EC2_INT_EGR_001,AWS,EC2,ANY,ANY,ANY,INTERNET,INTERNET_EGRESS,0,100,0,USD,GB,First 100 GB per month of internet data transfer out is free,https://aws.amazon.com/ec2/pricing/on-demand/,2026-09-11,PUBLIC
AWS_EC2_INT_EGR_002,AWS,EC2,ANY,ANY,ANY,INTERNET,INTERNET_EGRESS,100,10000,0.09,USD,GB,Next 10 TB per month of internet data transfer out,https://aws.amazon.com/ec2/pricing/on-demand/,2026-09-11,PUBLIC
AWS_EC2_INT_EGR_003,AWS,EC2,ANY,ANY,ANY,INTERNET,INTERNET_EGRESS,10000,50000,0.085,USD,GB,Next 40 TB per month of internet data transfer out,https://aws.amazon.com/ec2/pricing/on-demand/,2026-09-11,PUBLIC
AWS_EC2_INT_EGR_004,AWS,EC2,ANY,ANY,ANY,INTERNET,INTERNET_EGRESS,50000,150000,0.07,USD,GB,Next 100 TB per month of internet data transfer out,https://aws.amazon.com/ec2/pricing/on-demand/,2026-09-11,PUBLIC
AWS_EC2_INT_EGR_005,AWS,EC2,ANY,ANY,ANY,INTERNET,INTERNET_EGRESS,150000,999999999,0.05,USD,GB,Data transfer out above 150 TB per month,https://aws.amazon.com/ec2/pricing/on-demand/,2026-09-11,PUBLIC
AWS_EC2_AWSREG_IN_001,AWS,EC2,ANY,ANY,AWS_REGION,AWS_REGION,INTER_REGION_INGRESS,0,999999999,0,USD,GB,Data transfer into destination AWS Region under standard inter-region transfer model,https://docs.aws.amazon.com/cur/latest/userguide/cur-data-transfers-charges.html,2026-09-11,PUBLIC
AWS_EC2_AWSREG_EGR_001,AWS,EC2,AWS_MUM,AWS_HYD,AWS_REGION,AWS_REGION,INTER_REGION_EGRESS,0,999999999,,USD,GB,Source-region dependent AWS inter-region egress; exact rate must be resolved from the applicable AWS region/service pricing,https://docs.aws.amazon.com/cur/latest/userguide/cur-data-transfers-charges.html,2026-09-11,PUBLIC
AWS_EC2_AWSREG_EGR_002,AWS,EC2,AWS_MUM,AWS_SIN,AWS_REGION,AWS_REGION,INTER_REGION_EGRESS,0,999999999,,USD,GB,Source-region dependent AWS inter-region egress; exact rate must be resolved from the applicable AWS region/service pricing,https://docs.aws.amazon.com/cur/latest/userguide/cur-data-transfers-charges.html,2026-09-11,PUBLIC
AWS_EC2_AWSREG_EGR_003,AWS,EC2,AWS_HYD,AWS_MUM,AWS_REGION,AWS_REGION,INTER_REGION_EGRESS,0,999999999,,USD,GB,Source-region dependent AWS inter-region egress; exact rate must be resolved from the applicable AWS region/service pricing,https://docs.aws.amazon.com/cur/latest/userguide/cur-data-transfers-charges.html,2026-09-11,PUBLIC
AWS_EC2_AWSREG_EGR_004,AWS,EC2,AWS_HYD,AWS_SIN,AWS_REGION,AWS_REGION,INTER_REGION_EGRESS,0,999999999,,USD,GB,Source-region dependent AWS inter-region egress; exact rate must be resolved from the applicable AWS region/service pricing,https://docs.aws.amazon.com/cur/latest/userguide/cur-data-transfers-charges.html,2026-09-11,PUBLIC
AWS_EC2_AWSREG_EGR_005,AWS,EC2,AWS_SIN,AWS_MUM,AWS_REGION,AWS_REGION,INTER_REGION_EGRESS,0,999999999,,USD,GB,Source-region dependent AWS inter-region egress; exact rate must be resolved from the applicable AWS region/service pricing,https://docs.aws.amazon.com/cur/latest/userguide/cur-data-transfers-charges.html,2026-09-11,PUBLIC
AWS_EC2_AWSREG_EGR_006,AWS,EC2,AWS_SIN,AWS_HYD,AWS_REGION,AWS_REGION,INTER_REGION_EGRESS,0,999999999,,USD,GB,Source-region dependent AWS inter-region egress; exact rate must be resolved from the applicable AWS region/service pricing,https://docs.aws.amazon.com/cur/latest/userguide/cur-data-transfers-charges.html,2026-09-11,PUBLIC
AZURE_BW_INT_EGR_PGN_001,AZURE,Azure Bandwidth,AZURE_CIN,ANY,ASIA,ANY,INTERNET_EGRESS,0,100,0,USD,GB,First 100 GB per month of internet egress via Premium Global Network is free,https://azure.microsoft.com/en-in/pricing/details/bandwidth/,2026-09-11,PUBLIC
AZURE_BW_INT_EGR_PGN_002,AZURE,Azure Bandwidth,AZURE_CIN,ANY,ASIA,ANY,INTERNET_EGRESS,100,10100,0.12,USD,GB,Next 10 TB per month of internet egress from Asia via Premium Global Network,https://azure.microsoft.com/en-in/pricing/details/bandwidth/,2026-09-11,PUBLIC
AZURE_BW_INT_EGR_PGN_003,AZURE,Azure Bandwidth,AZURE_CIN,ANY,ASIA,ANY,INTERNET_EGRESS,10100,50100,0.085,USD,GB,Next 40 TB per month of internet egress from Asia via Premium Global Network,https://azure.microsoft.com/en-in/pricing/details/bandwidth/,2026-09-11,PUBLIC
AZURE_BW_INT_EGR_PGN_004,AZURE,Azure Bandwidth,AZURE_CIN,ANY,ASIA,ANY,INTERNET_EGRESS,50100,150100,0.082,USD,GB,Next 100 TB per month of internet egress from Asia via Premium Global Network,https://azure.microsoft.com/en-in/pricing/details/bandwidth/,2026-09-11,PUBLIC
AZURE_BW_INT_EGR_PGN_005,AZURE,Azure Bandwidth,AZURE_CIN,ANY,ASIA,ANY,INTERNET_EGRESS,150100,500100,0.08,USD,GB,Next 350 TB per month of internet egress from Asia via Premium Global Network,https://azure.microsoft.com/en-in/pricing/details/bandwidth/,2026-09-11,PUBLIC
AZURE_BW_INT_EGR_ISP_001,AZURE,Azure Bandwidth,AZURE_CIN,ANY,ASIA,ANY,INTERNET_EGRESS,0,100,0,USD,GB,First 100 GB per month of internet egress via transit ISP is free,https://azure.microsoft.com/en-in/pricing/details/bandwidth/,2026-09-11,PUBLIC
AZURE_BW_INT_EGR_ISP_002,AZURE,Azure Bandwidth,AZURE_CIN,ANY,ASIA,ANY,INTERNET_EGRESS,100,10100,0.11,USD,GB,Next 10 TB per month of internet egress from Asia via transit ISP,https://azure.microsoft.com/en-in/pricing/details/bandwidth/,2026-09-11,PUBLIC
AZURE_BW_INT_EGR_ISP_003,AZURE,Azure Bandwidth,AZURE_CIN,ANY,ASIA,ANY,INTERNET_EGRESS,10100,50100,0.075,USD,GB,Next 40 TB per month of internet egress from Asia via transit ISP,https://azure.microsoft.com/en-in/pricing/details/bandwidth/,2026-09-11,PUBLIC
AZURE_BW_INT_EGR_ISP_004,AZURE,Azure Bandwidth,AZURE_CIN,ANY,ASIA,ANY,INTERNET_EGRESS,50100,150100,0.07,USD,GB,Next 100 TB per month of internet egress from Asia via transit ISP,https://azure.microsoft.com/en-in/pricing/details/bandwidth/,2026-09-11,PUBLIC
AZURE_BW_INT_EGR_ISP_005,AZURE,Azure Bandwidth,AZURE_CIN,ANY,ASIA,ANY,INTERNET_EGRESS,150100,500100,0.06,USD,GB,Next 350 TB per month of internet egress from Asia via transit ISP,https://azure.microsoft.com/en-in/pricing/details/bandwidth/,2026-09-11,PUBLIC
AZURE_BW_REG_EGR_001,AZURE,Azure Bandwidth,AZURE_CIN,AZURE_SIN,ASIA,ASIA,INTER_REGION_EGRESS,0,999999999,0.08,USD,GB,Inter-region data transfer between Azure regions within Asia,https://azure.microsoft.com/en-in/pricing/details/bandwidth/,2026-09-11,PUBLIC
AZURE_BW_REG_EGR_002,AZURE,Azure Bandwidth,AZURE_CIN,AZURE_SEA,ASIA,ASIA,INTER_REGION_EGRESS,0,999999999,0.08,USD,GB,Inter-region data transfer between Azure regions within Asia,https://azure.microsoft.com/en-in/pricing/details/bandwidth/,2026-09-11,PUBLIC
AZURE_BW_REG_EGR_003,AZURE,Azure Bandwidth,AZURE_SIN,AZURE_CIN,ASIA,ASIA,INTER_REGION_EGRESS,0,999999999,0.08,USD,GB,Inter-region data transfer between Azure regions within Asia,https://azure.microsoft.com/en-in/pricing/details/bandwidth/,2026-09-11,PUBLIC
AZURE_BW_REG_EGR_004,AZURE,Azure Bandwidth,AZURE_SIN,AZURE_SEA,ASIA,ASIA,INTER_REGION_EGRESS,0,999999999,0.08,USD,GB,Inter-region data transfer between Azure regions within Asia,https://azure.microsoft.com/en-in/pricing/details/bandwidth/,2026-09-11,PUBLIC
AZURE_BW_REG_EGR_005,AZURE,Azure Bandwidth,AZURE_SEA,AZURE_CIN,ASIA,ASIA,INTER_REGION_EGRESS,0,999999999,0.08,USD,GB,Inter-region data transfer between Azure regions within Asia,https://azure.microsoft.com/en-in/pricing/details/bandwidth/,2026-09-11,PUBLIC
AZURE_BW_REG_EGR_006,AZURE,Azure Bandwidth,AZURE_SEA,AZURE_SIN,ASIA,ASIA,INTER_REGION_EGRESS,0,999999999,0.08,USD,GB,Inter-region data transfer between Azure regions within Asia,https://azure.microsoft.com/en-in/pricing/details/bandwidth/,2026-09-11,PUBLIC
AZURE_BW_IN_001,AZURE,Azure Bandwidth,ANY,ANY,ANY,AZURE_REGION,INTER_REGION_INGRESS,0,999999999,0,USD,GB,Inbound data transfer into Azure is free,https://azure.microsoft.com/en-in/pricing/details/bandwidth/,2026-09-11,PUBLIC
GCP_VPC_INT_EGR_001,GCP,VPC,ANY,ANY,ANY,ASIA,INTERNET_EGRESS,0,1,0,USD,GiB,First 1 GiB per month of Premium Tier internet egress to Asia excluding Korea and Indonesia is free,https://cloud.google.com/vpc/pricing,2026-09-11,PUBLIC
GCP_VPC_INT_EGR_002,GCP,VPC,ANY,ANY,ANY,ASIA,INTERNET_EGRESS,1,1024,0.12,USD,GiB,Premium Tier internet egress to Asia excluding Korea and Indonesia,https://cloud.google.com/vpc/pricing,2026-09-11,PUBLIC
GCP_VPC_INT_EGR_003,GCP,VPC,ANY,ANY,ANY,ASIA,INTERNET_EGRESS,1024,10240,0.11,USD,GiB,Premium Tier internet egress to Asia excluding Korea and Indonesia,https://cloud.google.com/vpc/pricing,2026-09-11,PUBLIC
GCP_VPC_INT_EGR_004,GCP,VPC,ANY,ANY,ANY,ASIA,INTERNET_EGRESS,10240,999999999,0.085,USD,GiB,Premium Tier internet egress to Asia excluding Korea and Indonesia,https://cloud.google.com/vpc/pricing,2026-09-11,PUBLIC
GCP_VPC_REG_EGR_001,GCP,VPC,GCP_MUM,GCP_DEL,ASIA,ASIA,INTER_REGION_EGRESS,0,999999999,0.08,USD,GiB,Inter-region VM data transfer between Google Cloud Asia regions,https://cloud.google.com/vpc/pricing,2026-09-11,PUBLIC
GCP_VPC_REG_EGR_002,GCP,VPC,GCP_MUM,GCP_SIN,ASIA,ASIA,INTER_REGION_EGRESS,0,999999999,0.08,USD,GiB,Inter-region VM data transfer between Google Cloud Asia regions,https://cloud.google.com/vpc/pricing,2026-09-11,PUBLIC
GCP_VPC_REG_EGR_003,GCP,VPC,GCP_DEL,GCP_MUM,ASIA,ASIA,INTER_REGION_EGRESS,0,999999999,0.08,USD,GiB,Inter-region VM data transfer between Google Cloud Asia regions,https://cloud.google.com/vpc/pricing,2026-09-11,PUBLIC
GCP_VPC_REG_EGR_004,GCP,VPC,GCP_DEL,GCP_SIN,ASIA,ASIA,INTER_REGION_EGRESS,0,999999999,0.08,USD,GiB,Inter-region VM data transfer between Google Cloud Asia regions,https://cloud.google.com/vpc/pricing,2026-09-11,PUBLIC
GCP_VPC_REG_EGR_005,GCP,VPC,GCP_SIN,GCP_MUM,ASIA,ASIA,INTER_REGION_EGRESS,0,999999999,0.08,USD,GiB,Inter-region VM data transfer between Google Cloud Asia regions,https://cloud.google.com/vpc/pricing,2026-09-11,PUBLIC
GCP_VPC_REG_EGR_006,GCP,VPC,GCP_SIN,GCP_DEL,ASIA,ASIA,INTER_REGION_EGRESS,0,999999999,0.08,USD,GiB,Inter-region VM data transfer between Google Cloud Asia regions,https://cloud.google.com/vpc/pricing,2026-09-11,PUBLIC
GCP_VPC_IN_001,GCP,VPC,ANY,ANY,ANY,GCP_REGION,INTER_REGION_INGRESS,0,999999999,0,USD,GiB,Inbound data transfer to Google Cloud is free,https://cloud.google.com/vpc/pricing,2026-09-11,PUBLIC